2023012611250249,,,,,,,,,,,,,,,,,,,,,,,,
1120,,PONDESUR,COSTELETA DE CERDO,639.83,0,639.83,13,726.62,19.44,959,19.44,959,10,0,10.5,,15,K,1,24.42,999,60,6,
1121,,PONDESUR,CHORIZO CERDO CRIOLLO,429.11,0,429.11,13,487.32,18.54,699,18.54,699,15,0,21,,15,U,0.42,18.54,699,20,10,D01
1122,,PONDESUR,MORCILLA,182.15,0,182.15,20,219.67,50.11,399,35.1,359.1,15,10,21,,15,U,0.42,68.92,449,30,10,D02
1123,,PONDESUR,SALCHICHA PARRILLERA,471.14,0,471.14,18,558.72,47.77,999,32.99,899.1,15,10,21,,15,U,0.51,58.12,1069,30,10,D03
1124,,PONDESUR,SOLOMILLO - LOMO DE CERDO,901.69,0,901.69,19,1073.01,26.43,1499,26.43,1499,10,0,10.5,,10,K,1,34.86,1599,20,0,
1125,,PONDESUR,BONDIOLA,1032.37,0,1032.37,16,1197.55,20.84,1599,20.84,1599,10,0,10.5,,10,K,1,28.39,1699,20,0,
1126,,PONDESUR,CARRE DESHUESADO DE CERDO,1045.44,0,1045.44,14,1191.8,21.42,1599,21.42,1599,10,0,10.5,,10,K,1,29.01,1699,20,0,
1131,,MORENITA,CARNE-PALETA SIN HUESO,904.97,0,904.97,16,1055.01,15.72,1349,15.72,1349,10,0,10.5,,20,K,1,20,1399,15,0,
1132,,MORENITA,ASADO NOVILLITO LIVIANO,904.97,0,904.97,15,1045.92,16.72,1349,16.72,1349,10,0,10.5,,20,K,1,21.05,1399,15,0,
1133,,MORENITA,VACIO DE NOVILLITO,1131.22,0,1131.22,13,1284.67,12.64,1599,12.64,1599,0,0,10.5,,20,K,1,12.64,1599,15,0,
1134,,MORENITA,CARNE PICADA ESPECIAL,814.48,0,814.48,17,957.71,20.86,1279,20.86,1279,0,0,10.5,,20,K,1,22.75,1299,15,0,
1135,,MORENITA,OSOBUCO ESPECIAL,633.48,0,633.48,18,751.24,20.34,999,20.34,999,0,0,10.5,,20,K,1,20.34,999,15,0,
1136,,MORENITA,MATAMBRE DE NOVILLITO,1149.32,0,1149.32,13,1305.23,10.87,1599,10.87,1599,0,0,10.5,,20,K,1,17.8,1699,15,0,
1137,,MORENITA,CARNE PARA ESTOFADO,886.87,0,886.87,16,1033.91,22.45,1399,22.45,1399,0,0,10.5,,20,K,1,26.83,1449,15,0,
1139,,MORENITA,COSTELETA DE CARNE VACUNA,950.23,0,950.23,12,1069.58,12.45,1329,12.45,1329,0,0,10.5,,20,K,1,15.83,1369,30,0,
1500,322,FRIAR,MEDALLONES FRIAR 2X55G,81.92,20,65.54,20,79.04,74.05,166.46,39.24,133.17,6,20,21,7793040000361,36,U,0.11,74.05,166.46,117,13,H8
1501,311,FRIAR,MEDALLONES FRIAR 2X80G,124.4,20,99.52,20,120.02,78.35,259,42.68,207.2,12,20,21,7793040000385,30,U,0.16,78.35,259,104,13,H4
1503,4309,FRIAR,HAMBURGUESAS FRIAR 2X80G,183.77,20,147.02,21,178.78,73.26,374.79,38.6,299.83,6,20,21,7793040065117,30,U,0.16,73.26,374.79,104,13,H7
1505,2323,FRIAR,MEDALLONES FRIAR 2X110G,166.05,15,141.14,20,170.21,69.46,349,35.57,279.2,20,20,21,7793040000392,20,U,0.22,69.46,349,112,14,H6
1506,300,FRIAR,HAMB. FRIAR GIGANTE 2X110,260.05,15,221.04,20,266.57,73.31,559,38.65,447.2,20,20,21,7793040093004,20,U,0.22,73.31,559,112,14,H9
1509,3130,CONGELADOS ARTICO S.A.,MILANESA DE MERLUZA,924.7,5,878.47,20,1059.43,48.14,1899,33.32,1709.1,5,10,21,,6,K,1,55.94,1999,130,10,
1511,P,SWIFT,NUGGETS DE POLLO,443.33,0,443.33,20,534.66,79.15,1159,37.95,892.43,6,23,21,,6,K,1,85.33,1199,110,10,
1512,C,SWIFT,PATITA DE CARNE X380 GR,267.1,0,267.1,16,311.39,58.98,599,35.13,509.15,12,15,21,7790360023902,12,U,0.38,72.25,649,100,0,D69
1531,,PONDESUR,MILANESA DE CERDO ESPECIA,711.21,0,711.21,17,836.28,48.14,1499,39.25,1409.06,5,6,21,,7,K,1,53.08,1549,50,10,
1533,4635,CONGELADOS ARTICO S.A.,CROQUETA ESPINACA Y QUESO,606.6,5,576.27,22,706.56,71.82,1469,28.87,1101.75,5,25,21,,6,K,1,80.01,1539,150,10,
1540,,GRAAS,PAMPLONA DE POLLO,691.06,0,691.06,20,833.42,53.6,1549,45.92,1471.55,10,5,21,,10,K,1,58.56,1599,15,5,
1543,,GRAAS,BROCHETTE DE POLLO,691.06,0,691.06,20,833.42,53.6,1549,45.92,1471.55,10,5,21,,10,K,1,58.56,1599,15,5,
1546,Q,SWIFT,MED DOBLE BURGER SW 2X55G,90.24,0,90.24,17,106.11,70.3,218.65,36.24,174.92,6,20,21,7790360966797,42,U,0.11,70.3,218.65,144,16,H1
1548,8,SWIFT,HAMBURGUESA SWIFT 2X80G,179.45,0,179.45,20,216.42,74.94,458.12,39.95,366.5,6,20,21,7790360000118,30,U,0.16,74.94,458.12,144,16,H2
1550,CASER,SWIFT,HAMB. SUPER SWIFT 2X120G,270.8,0,270.8,20,326.58,74.36,689,39.49,551.2,5,20,21,7790360967701,24,U,0.24,74.36,689,100,11,H3
1553,,ALIMENTOS MODERNOS S.A.,PAPAS BASTON ESPECIAL LW,356.97,15,303.42,20,365.92,82.72,809,37.04,606.75,10,25,21,,0,K,1,91.75,849,70,10,D04
1554,,ALIMENTOS MODERNOS S.A.,RAPIPAP PAPAS,328.53,10,295.68,18,350.65,81.24,769,35.93,576.75,15,25,21,,15,K,1,88.31,799,70,0,
1555,,ALIMENTOS MODERNOS S.A.,PAPA RESTAURANT 12X12,367.42,15,312.31,20,376.65,81.9,829,36.42,621.75,10,25,21,FARMFRITES,10,K,1,90.67,869,80,0,
1556,,SIMPLOT,PAPAS BASTON SIMPLOT,392.64,25,294.48,20,353.38,82.18,779,36.64,584.25,2,25,21,,0,K,1,86.86,799,60,0,D76
1557,,SIMPLOT,PAPAS BASTON COOL MIND,420.27,36.25,267.92,20,323.11,78.79,699,34.09,524.25,2,25,21,,15,K,1,86.46,729,0,0,
1558,,SIMPLOT,PAPAS RUSTICAS SIMPLOT GRANEL,318.29,0,318.29,20,383.86,50.49,699,38.45,643.08,2,8,21,,10,K,1,61.26,749,0,0,
1564,8x12,SWIFT,CAJA HAMB. SWIFT 12X80G,1089.43,0,1089.43,15,1259.11,31.21,1999,31.21,1999,99,0,21,7790360026590,8,U,0.96,31.21,1999,70,10,
1608,00219,CALISA,FORMITA DE POLLO REB.,619.84,0,619.84,20,747.53,65.73,1499,45.84,1319.12,5,12,21,,5,K,1,73.46,1569,140,10,
1611,5329,CALISA,MED. DE POLLO C/ESPINACA,707.7,0,707.7,20,853.49,64.52,1699,39.84,1444.15,5,15,21,,5,K,1,71.3,1769,140,10,
1612,5328,CALISA,MED. DE POLLO C/JAM Y QUE,707.7,0,707.7,20,853.49,64.52,1699,39.84,1444.15,5,15,21,,5,K,1,71.3,1769,140,10,
1650,,LAS CAMELIAS S.A.,PATA MUSLO,260,0,260,3.5,270.45,39.28,416.25,11.43,333,15,20,10.5,,15,K,1,39.28,416.25,50,5,F1
1651,,LAS CAMELIAS S.A.,FILET DE PECHUGA,683,0,683,10,755.06,17.34,979,13.82,949.63,15,3,10.5,,15,K,1,22.13,1019,50,5,
1652,,LAS CAMELIAS S.A.,PATA DESHUESADA,504,0,504,14,577.43,34.63,859,27.9,816.05,15,5,10.5,,15,K,1,40.9,899,50,5,
1654,,LAS CAMELIAS S.A.,PECHUGA REBOZADA,557,0,557,16,649.35,33.51,1049,20.16,944.1,6,10,21,,6,K,1,39.87,1099,70,7,
1655,,LAS CAMELIAS S.A.,POLLO ENTERO,310,0,310,13,352.05,28.27,499,21.86,474.05,20,5,10.5,,20,K,1,35.98,529,20,5,
1656,,LAS CAMELIAS S.A.,BIFE DE PECHUGA DE POLLO,735,0,735,14,842.09,28.85,1199,22.41,1139.05,10,5,10.5,,10,K,1,35.3,1259,70,7,
1657,,LAS CAMELIAS S.A.,CUARTO TRASERO A GRANEL,245,0,245,6,261,44.33,416.25,15.46,333,15,20,10.5,,15,K,1,44.33,416.25,50,5,F1
1660,,LAS CAMELIAS S.A.,OFERTA PATA MUSLO,260,0,260,3.5,270.45,11.43,333,11.43,333,15,0,10.5,,1,K,1,11.43,333,0,0,
1700,,PESCADOS,FILET DE BOGA (AL PESO),790,0,790,18,936.86,32.23,1499,19.01,1349.1,10,10,21,,0,K,1,41.06,1599,30,0,D05
1702,,PESCADOS,FILET DE TARARIRA,999,0,999,18,1184.71,32.47,1899,19.23,1709.1,10,10,21,,10,K,1,39.45,1999,30,5,D06
1703,,PESCADOS,FILET DE SABALO,875,0,875,20,1055.25,40.89,1799,26.8,1619.1,10,10,21,,0,K,1,48.73,1899,30,5,D07
1704,,PESCADOS,TARARIRA DESPINADA,499.99,0,499.99,16,582.89,41.64,999,27.48,899.1,10,10,21,,10,K,1,41.64,999,30,5,D08
1708,,CONGELADOS ARTICO S.A.,RABAS PREFRITAS,1501.1,0,1501.1,19,1795.24,42.66,3099,28.4,2789.1,5,10,21,,0,K,1,47.27,3199,80,10,
1710,,MUNINI,FILET DE MERLUZA,658,0,658,20,793.55,45.7,1399,31.13,1259.1,7,10,21,,21,K,1,51.95,1459,50,8,D09
1711,,CONGELADOS ARTICO S.A.,MEJILLON,1450,0,1450,19,1734.13,23.86,2599,17.67,2469.05,5,5,21,,10,K,1,28.63,2699,20,10,
1712,,MUNINI,LANGOSTINO PELADO,2423,0,2423,16,2824.73,28.7,4399,22.27,4179.05,5,5,21,,0,K,1,31.63,4499,20,10,
1713,,CONGELADOS ARTICO S.A.,CAMARON,2400,0,2400,23,2966.76,33.69,4799,27,4559.05,5,5,21,,0,K,1,39.26,4999,20,10,
1714,,TEKO,PACU MITAD DESPINADO,1085.4,0,1085.4,20,1308.99,38.84,2199,24.95,1979.1,15,10,21,,15,K,1,45.15,2299,50,0,D10
1715,,CONGELADOS ARTICO S.A.,RODAJAS DE SALMON,2091,12,1840.08,22,2256.12,24.18,3390,17.97,3220.5,6,5,21,,6,K,1,24.18,3390,30,0,
1716,,CONGELADOS ARTICO S.A.,ANILLAS DE CALAMAR/JIBIA,1450,0,1450,23,1792.42,37.86,2990,24.08,2691,10,10,21,,10,K,1,52.11,3299,30,0,
1717,,PESCADOS,FILET DE CARPA,499,0,499,20,601.79,37.19,999,23.47,899.1,10,10,21,,10,K,1,50.93,1099,30,0,D71
1722,,MUNINI,MEDALLON PESCADO DE RIO,615,0,615,20,741.69,60.34,1439,36.29,1223.15,6,15,21,,6,K,1,67.03,1499,60,13,
1724,,PESCADOS,BOGA DESPINADA,790,0,790,25,992.44,32.41,1590,25.79,1510.5,20,5,21,,20,K,1,40.73,1690,30,5,
1725,,PESCADOS,SABALO DESPINADO XKG,750,0,750,20,904.5,36.96,1499,30.12,1424.05,10,5,21,,20,K,1,46.1,1599,30,5,
1727,,MUNINI,MED. PESCADO C/ESPINACA,615,0,615,20,741.69,60.34,1439,36.29,1223.15,6,15,21,,6,K,1,67.03,1499,60,13,
1728,,TEKO,PACU DESPINADO,1421.49,0,1421.49,20,1714.32,39.76,2899,25.78,2609.1,10,10,21,,15,K,1,44.58,2999,50,5,D11
1729,,MUNINI,CAZUELA MARISCO X500,1499,50,749.5,18,888.83,30.08,1399,30.08,1399,10,0,21,7798186600383,0,U,0.5,30.08,1399,49,7,D12
1801,,NATURAL RROZ,NATUFANS SABOR CARNE REBOZADO,415,0,415,16,483.81,53.57,899,34.37,786.63,24,12.5,21,7798354690758,24,U,0.36,53.57,899,0,0,N01
1802,,NATURAL RROZ,NATUFANS ACELGA Y ARROZ YAMANI REBOZADO,240,0,240,20,289.44,62.47,569,42.16,497.88,24,12.5,21,7798354690741,24,U,0.36,71.04,599,0,0,N02
1803,,NATURAL RROZ,NATUFANS SABOR POLLO REBOZADO,415,0,415,16,483.81,53.57,899,34.37,786.63,24,12.5,21,7798354690765,24,U,0.36,53.57,899,0,0,N03
1804,,NATURAL RROZ,NATUFANS SABOR CARNE,455,0,455,16,530.44,55.65,999,32.3,849.15,24,15,21,7798354690772,24,U,0.36,55.65,999,0,0,N04
1805,,NATURAL RROZ,NATUFANS CALAB. ZANAH. Y CHOCLO,207,0,207,20,249.64,65.2,499,40.42,424.15,24,15,21,7798354690802,24,U,0.36,65.2,499,0,0,N05
1806,,NATURAL RROZ,NATUFANS ACELGA Y ARROZ YAMANI,198,0,198,20,238.79,72.7,499,46.8,424.15,24,15,21,7798354690796,24,U,0.36,72.7,499,0,0,N06
2400,,ESTADIO,TARTA DE ZAPALLITOS,259.54,0,259.54,20,313.01,63.44,619,47.09,557.1,8,10,21,7798046441125,12,U,0.25,68.72,639,150,13,D13
2401,,ESTADIO,TARTA DE VERDURA,259.54,0,259.54,20,313.01,63.44,619,47.09,557.1,8,10,21,7798046440494,12,U,0.25,68.72,639,150,13,D13
2402,,ESTADIO,EMP. DE CARNE X 6,418.3,0,418.3,20,504.47,52.19,929,41.54,863.97,14,7,21,7798046440227,14,U,0.42,55.47,949,50,5,D14
2403,,ESTADIO,EMP. DE POLLO X 6,418.3,0,418.3,20,504.47,52.19,929,41.54,863.97,6,7,21,7798046440289,14,U,0.42,55.47,949,50,5,D14
2404,,ESTADIO,EMP. DE JAMON Y Q. X 6,460.28,0,460.28,16,536.59,43.08,929,33.07,863.97,14,7,21,7798046440296,14,U,0.42,46.16,949,50,5,D14
2405,,ESTADIO,TARTA DE JAM/QUESO,285.47,0,285.47,18,338.54,51.11,619,36,557.1,8,10,21,7798046440470,12,U,0.25,55.99,639,150,13,D13
2406,,ESTADIO,EMP. DE VERDURA X 6,418.3,0,418.3,20,504.47,52.19,929,41.54,863.97,6,7,21,7798046440586,14,U,0.42,55.47,949,50,5,D14
2407,,ESTADIO,TARTA DE CEBOLLA Y QUESO,285.47,0,285.47,18,338.54,51.11,619,36,557.1,12,10,21,7798046441033,12,U,0.25,55.99,639,150,0,D13
2408,,ESTADIO,TARTA DE POLLO,259.54,0,259.54,20,313.01,63.44,619,47.09,557.1,8,10,21,7798046440487,12,U,0.25,68.72,639,150,13,D13
2411,,ESTADIO,EMP. CAPRESSE X 6,460.28,0,460.28,16,536.59,43.08,929,33.07,863.97,6,7,21,7798046440548,14,U,0.42,46.16,949,50,5,D14
2412,,ESTADIO,TRIPLES JAM Y QUE X 6,341.24,0,341.24,19,408.11,61.8,799,45.62,719.1,14,10,21,7798046440135,14,U,0.36,67.88,829,50,5,D15
2413,,ESTADIO,EMP. DE CHOCLO X 6,460.28,0,460.28,16,536.59,43.08,929,33.07,863.97,6,7,21,7798046440975,14,U,0.42,46.16,949,50,5,D14
2414,,ESTADIO,TARTA CALABAZA Y VERDURA,259.54,0,259.54,20,313.01,63.44,619,47.09,557.1,8,10,21,7798046440883,12,U,0.25,68.72,639,150,13,D13
2415,,ESTADIO,TARTA DE CHOCLO,285.47,0,285.47,19,341.41,49.84,619,34.86,557.1,8,10,21,7798046441040,12,U,0.25,54.68,639,150,13,D13
2416,,ESTADIO,TARTA CAPRESE,285.47,0,285.47,19,341.41,49.84,619,34.86,557.1,8,10,21,7798046441132,12,U,0.25,54.68,639,150,13,D13
2417,,ESTADIO,TARTA CALABAZA,259.54,0,259.54,20,313.01,63.44,619,47.09,557.1,8,10,21,7798046441149,12,U,0.25,68.72,639,150,13,D13
2418,,ESTADIO,EMP. CEBOLLA Y QUESO X6,460.28,0,460.28,16,536.59,43.08,929,33.07,863.97,6,7,21,7798046440531,14,U,0.4,46.16,949,50,5,D14
2422,,ESTADIO,PIZZA MEDIANA RUCULA,261.45,0,261.45,17,307.43,34.14,499,34.14,499,36,0,21,7798046441057,10,U,0.35,34.14,499,50,5,D16
2423,,ESTADIO,PIZZA MEDIANA JAMON,274.52,0,274.52,20,331.07,59.51,639,43.56,575.1,36,10,21,7798046440609,10,U,0.35,64.51,659,50,5,D16
2424,MORRO,ESTADIO,PIZZA MEDIANA ESPECIAL,274.52,0,274.52,20,331.07,59.51,639,43.56,575.1,10,10,21,7798046441071,10,U,0.35,64.51,659,50,5,D16
2425,,ESTADIO,PIZZA MEDIANA Q. AZUL,274.52,0,274.52,20,331.07,59.51,639,43.56,575.1,36,10,21,7798046441095,10,U,0.35,64.51,659,50,5,D16
2428,,CONOSUD,MIX BERRIES,746.46,0,746.46,22,915.23,63.05,1649,38.59,1401.65,5,15,10.5,,0,K,1,73.93,1759,84,5,
2429,,ESTADIO,TARTA INTEGRAL CAPRESSE,314,0,314,16,366.06,44.27,639,29.84,575.1,12,10,21,7798046441477,12,U,0.25,48.78,659,150,0,D19
2430,,ESTADIO,TARTA INTEGRAL ZAPAL/QUES,314,0,314,16,366.06,44.27,639,29.84,575.1,12,10,21,7798046441453,12,U,0.25,48.78,659,150,0,D19
2431,,ESTADIO,TARTA INTEGRAL BICOLOR,314,0,314,16,366.06,44.27,639,29.84,575.1,12,10,21,7798046441460,12,U,0.25,48.78,659,150,0,D19
2432,,ESTADIO,TARTA INTEGRAL VERDURA,314,0,314,16,366.06,44.27,639,29.84,575.1,12,10,21,7798046441446,12,U,0.25,48.78,659,150,0,D19
2433,,ESTADIO,TORTILLA DE PAPA X 300GR,197.92,0,197.92,18,234.71,33.45,379,33.45,379,12,0,21,7798046441002,12,U,0.3,33.45,379,50,0,D73
2434,,ESTADIO,TORTILLA DE VERDURA X 300GR,207.83,0,207.83,20,250.64,64.54,499,39.86,424.15,12,15,21,7798046440999,12,U,0.3,71.13,519,50,0,D74
2609,,SAN SILVES,PIZZA DE ARROZ,280,0,280,20,337.68,58.84,649,42.96,584.1,20,10,21,7798354690543,20,U,0.32,71.08,699,86,12,D20
2610,,SAN SILVES,PREPIZZA DE ARROZ Y ESPINACA X 2,315,0,315,16,367.23,28.05,569,28.05,569,10,0,21,7798354690680,15,U,0.4,28.05,569,0,0,
2611,,SAN SILVES,PREPIZZA DE ARROZ Y TOMATE X 2,315,0,315,16,367.23,28.05,569,28.05,569,10,0,21,7798354690697,15,U,0.4,28.05,569,0,0,
2650,,EBERLE,FUGAZZA,326.61,0,326.61,20,393.89,46.66,699,31.99,629.1,20,10,21,,20,U,0.5,52.96,729,40,12,D21
2651,,EBERLE,PIZZA CASERA,319.46,0,319.46,20,385.27,39.22,649,25.29,584.1,20,10,21,,20,U,0.5,49.94,699,40,12,D22
2652,PRODU,INKASA,TARTA CASERA VERDURA,295.5,0,295.5,35,400.92,44.09,699,29.68,629.1,8,10,21,,11,U,0.6,56.46,759,66,12,D23
2654,PRODU,INKASA,LASAGNA ESPINACA/RICOTA,168.91,0,168.91,55,263.12,37.89,439,37.89,439,10,0,21,,24,U,0.43,37.89,439,66,12,
2655,PRODU,INKASA,LASAGNA DE CARNE,230.48,0,230.48,40,324.29,32.27,519,32.27,519,10,0,21,,24,U,0.43,32.27,519,66,12,
2656,PRODU,INKASA,LASAGNA POLLO,198.56,0,198.56,55,309.31,38.67,519,38.67,519,10,0,21,,24,U,0.43,38.67,519,66,12,
2657,PRODU,INKASA,TARTA RICOTA Y CHOCLO,244.39,0,244.39,50,368.42,47.83,659,33.04,593.1,9,10,21,,11,U,0.6,63.53,729,66,12,D24
2661,PRODU,INKASA,PLATO RAVIOLES C/BOLOGNES,192.37,0,192.37,35,261,26.34,399,26.34,399,10,0,21,,16,U,0.45,26.34,399,66,6,
2663,PRODU,INKASA,PLATO TALLARIN C/BOLOGNS,185.11,0,185.11,25,232.54,24.04,349,24.04,349,10,0,21,,16,U,0.45,24.04,349,66,6,
2666,PRODU,INKASA,PLATO GUISO DE LENTEJAS,222.06,0,222.06,10,245.49,24.23,369,24.23,369,10,0,21,0026660000007,0,U,0.45,24.23,369,66,6,
2680,PRODU,INKASA,MED. DE ESPINACA Y QUESO,152.84,0,152.84,40,215.05,53.34,399,30.34,339.15,28,15,21,,28,U,0.32,68.71,439,66,0,D25
2681,PRODU,INKASA,MED. DE LENTEJA C/QUE X4,399.85,68,127.95,55,199.31,57.15,379,33.58,322.15,28,15,21,,28,U,0.32,65.44,399,66,0,D26
2682,PRODU,INKASA,4 MED. DE SOJA X 320GR,123.66,0,123.66,35,167.78,47.28,299,25.19,254.15,28,15,21,,28,U,0.32,62.06,329,66,0,D27
2683,PRODU,INKASA,MED. LENTEJA PRIMAVERA X4,121.76,0,121.76,45,177.43,53.24,329,30.26,279.65,28,15,21,,28,U,0.32,67.22,359,66,0,D28
2684,PRODU,INKASA,MEDALLONES DE PAPAS X 4,395.48,68,126.55,44,183.14,57.49,349,33.87,296.65,28,15,21,,28,U,0.32,71.03,379,66,0,D29
2712,,EBERLE,PAN HAMB.CONG X12,402.3,0,402.3,17,473.04,31.03,750,24.48,712.5,20,5,21,,10,U,0.7,31.03,750,40,5,
2713,,EBERLE,PAN HAMB.CONG X 6,201.15,0,201.15,17,236.52,31.03,375,24.48,356.25,20,5,21,,20,U,0.35,31.03,375,0,0,
2900,,CONOSUD,PRIMAVERA,460,0,460,18,545.51,32.55,799,-16.49,503.37,10,37,10.5,,0,K,1,37.53,829,70,10,V01
2901,,CONOSUD,PIMIENTO TRICOLOR C/CEBOL,350.52,0,350.52,19,419.2,96.24,909,56.99,727.2,10,20,10.5,,10,K,1,117.82,1009,80,11,V02
2902,,CONOSUD,CHOCLO,272,0,272,18,322.56,98.92,709,59.13,567.2,5,20,10.5,,25,K,1,107.33,739,44,10,V03
2903,,CONOSUD,ARVEJAS,430,0,430,18,509.94,61.32,909,0.02,563.58,5,38,10.5,,25,K,1,64.87,929,30,10,V04
2905,,CONOSUD,ESPINACA,270.51,0,270.51,16,315.36,100.59,699,60.47,559.2,10,20,10.5,,0,K,1,117.81,759,70,5,V05
2906,,CONOSUD,CHAUCHAS TROZADAS,348.42,0,348.42,19,416.69,101.76,929,61.41,743.2,5,20,10.5,,0,K,1,110.45,969,80,10,V06
2907,,CONOSUD,BROCOLI FLORETE,325,0,325,18,385.42,97,839,57.6,671.2,6,20,10.5,,0,K,1,101.7,859,77,10,V07
2908,,CONOSUD,PIMIENTO ROJO/VERDE,393.87,0,393.87,18,467.09,103.24,1049,62.59,839.2,5,20,10.5,,0,K,1,107.12,1069,70,11,V08
2909,,CONOSUD,VERDURAS PARA SOPA,251.05,0,251.05,18,297.72,109.44,689,67.55,551.2,5,20,10.5,,12,K,1,115.51,709,70,5,V09
2910,,CONOSUD,ZAPALLO EN CUBOS,214,0,214,19,255.93,97.67,559,58.13,447.2,10,20,10.5,,20,K,1,104.74,579,50,5,V10
2911,,CONOSUD,REMOLACHA,280.06,0,280.06,20,337.75,98.01,739,38.61,517.3,10,30,10.5,,15,K,1,108.73,779,70,5,V11
2912,,SIMPLOT,PAPAS NOISETTE,613.16,25,459.87,20,554.6,71.22,1149,36.98,919.2,10,20,21,,0,K,1,78.67,1199,80,12,
2915,,CONOSUD,FRUTILLAS ENTERAS,521.05,0,521.05,18,617.91,69.74,1159,44.28,985.15,5,15,10.5,,0,K,1,80,1229,84,10,
2916,,CONOSUD,CEBOLLA PICADA,218,20,174.4,88.28,330,56.04,569,24.83,455.2,5,20,10.5,,0,K,1,61.52,589,70,10,V12
2918,,CONOSUD,ARANDANOS,636,0,636,17,747.84,64.46,1359,39.79,1155.15,5,15,10.5,,13.6,K,1,70.51,1409,80,10,
2919,,CONOSUD,ACELGA,237.86,0,237.86,18,282.08,98.59,619,58.87,495.2,10,20,10.5,,10,K,1,108.21,649,75,5,V13
2920,,CONOSUD,RELLENO P/TARTA DE VERDUR,331.39,0,331.39,20,399.66,50.58,665,50.58,665,12,0,10.5,,12,K,1,50.58,665,70,5,V14
2921,,CONOSUD,SALSA TOMATE CEBOLLA PIMI,318,0,318,20,383.51,102.7,859,62.16,687.2,10,20,10.5,,15,K,1,116.86,919,70,5,V15
2923,,CONOSUD,CHAMPIGNONES,753.16,0,753.16,18,893.17,79.24,1769,43.39,1415.2,10,20,10.5,,10,K,1,90.38,1879,70,5,V16
2924,,CONOSUD,ZANAHORIA EN CUBOS,203.07,0,203.07,18,240.82,95.03,519,42.37,378.87,5,27,10.5,,15,K,1,102.55,539,70,5,V17
2925,,ANTARTIDA,PAPAS SMILE,654.6,0,654.6,22,802.61,54.35,1499,31.2,1274.15,9,15,21,,9,K,1,61.56,1569,60,10,D30
2933,,CONOSUD,ENSALADA JARDINERA,277.89,0,277.89,18,329.55,97.45,719,57.96,575.2,10,20,10.5,,15,K,1,108.43,759,70,5,V18
2937,,CONOSUD,RELLENO P/TARTA ZAPALLITO,294,0,294,19,351.61,100.5,779,60.4,623.2,15,20,10.5,,15,K,1,113.37,829,70,5,V19
2940,,CONOSUD,PURE DE PAPAS FLEISS X U,495,87.5,61.88,20,74.63,53.93,139,46.23,132.05,15,5,21,7790981000016,15,U,0.125,53.93,139,0,0,
2991,,CONOSUD,BOLSA ZAPALLO COPOS,1050,0,1050,16,1224.09,0,1481.15,0,1481.15,0,0,21,,20,K,1,0,1481.15,0,0,
2992,,CONOSUD,BOLSA PURE DE PAPA,894.73,0,894.73,16,1043.08,0,1262.13,0,1262.13,0,0,21,,25,K,1,0,1262.13,20,0,
3001,,CONOSUD,PAQ. ACELGA X 600 GR,316.88,40,190.13,18,225.48,84.22,459,43.69,358.02,10,22,10.5,7798354690413,16,U,0.6,96.26,489,70,0,D77
3002,,CONOSUD,PAQ. ARANDANOS X 400GR,754.27,60,301.71,17,354.77,68.1,659,42.89,560.15,10,15,10.5,7798354690086,30,U,0.4,78.31,699,70,0,
3003,,CONOSUD,PAQ. ARVEJA X 600GR,502.11,40,301.27,18,357.28,89.72,749,47.98,584.22,10,22,10.5,7798354690635,20,U,0.6,99.85,789,70,0,D78
3004,,CONOSUD,PAQ. CALABAZA EN CUBOS X 600GR,313.54,40,188.12,19,224.98,84.63,459,44.01,358.02,10,22,10.5,7798354690734,20,U,0.6,100.72,499,70,0,D79
3005,,CONOSUD,PAQ. CHAMPIGNONES X 400GR,871.43,60,348.57,18,413.37,88.06,859,46.69,670.02,10,22,10.5,7798354690109,20,U,0.4,96.82,899,70,0,D80
3006,,CONOSUD,PAQ. CHAUCHAS TROZADAS X600 GR,502.11,40,301.27,19,360.3,88.13,749,46.74,584.22,20,22,10.5,7798354690055,20,U,0.6,100.69,799,70,0,D81
3007,,CONOSUD,PAQ. ESPINACA X 600GR,378.25,40,226.95,18,269.14,84.6,549,43.99,428.22,10,22,10.5,7798354690420,14,U,0.6,101.41,599,70,0,D82
3008,,CONOSUD,PAQ. FRUTILLAS X 600GR,670.59,40,402.35,18,477.15,64.82,869,40.09,738.65,10,15,10.5,7798354690659,20,U,0.6,70.51,899,70,0,
3009,,CONOSUD,PAQ. MIX FRUTOS ROJOS X 400GR,864.74,60,345.9,19,413.68,70.41,779,44.85,662.15,10,15,10.5,7798354690017,30,U,0.4,74.79,799,70,0,
3010,,CONOSUD,PAQ. ENSALADA JARDINERA X 600GR,382.72,40,229.63,18,272.32,85.77,559,44.9,436.02,10,22,10.5,7798354690642,20,U,0.6,99.06,599,70,0,D83
3011,,CONOSUD,PAQ. ENSALADA PRIMAVERA X 600GR,535.58,40,321.35,18,381.09,87.37,789,44.27,607.53,10,23,10.5,7798354690673,20,U,0.6,96.87,829,70,0,D84
3012,,CONOSUD,PAQ. RELLENO TARTA ESPINACA X 600GR,385,40,231,15,266.98,35.25,399,35.25,399,10,0,10.5,7798354690727,20,U,0.6,35.25,399,70,0,D85
3013,,CONOSUD,PAQ. RELLENO TARTA ZAPALLITOS X 600GR,385,40,231,15,266.98,35.25,399,35.25,399,10,0,10.5,7798354690857,20,U,0.6,35.25,399,70,0,D86
3014,,CONOSUD,PAQ. SALSA DE TOMATE X 600GR,413.96,40,248.38,20,299.55,93.05,639,48.65,492.03,10,23,10.5,7798354690093,20,U,0.6,102.11,669,70,0,D87
3015,,CONOSUD,PAQ. MIX VEGETALES PARA SOPA X 600GR,325.81,40,195.49,18,231.83,90.89,489,46.98,376.53,10,23,10.5,7798354690710,20,U,0.6,102.6,519,70,0,D88
3016,,CONOSUD,PAQ. PAPA CUBOS X 600GR,240.5,40,144.3,19,172.58,88.25,359,46.84,280.02,10,22,10.5,,15,U,0.6,98.74,379,70,0,D89
3017,,CONOSUD,PAQ. PIMIENTO CUBO CONGELADO X 600GR,571.28,40,342.77,19,409.94,89.63,859,46.02,661.43,10,23,10.5,7798354690062,20,U,0.6,98.46,899,70,0,D90
3018,,CONOSUD,PAQ. ZANAHORIA CUBOS X 600GR,263.33,40,158,18,187.37,92.72,399,54.17,319.2,10,20,10.5,7798354690666,20,U,0.6,102.38,419,70,0,D91
3019,,CONOSUD,PAQ. REMOLACHA X 600GR,363.75,40,218.25,19.5,262.11,89.55,549,45.96,422.73,10,23,10.5,7798354690833,20,U,0.6,99.91,579,70,0,D92
3020,,CONOSUD,PAQ. MIX WOK DE VEGETALES X 600GR,535.58,40,321.35,19,384.32,88.15,799,46.75,623.22,10,22,10.5,7798354690703,20,U,0.6,99.92,849,70,0,D93
3021,,CONOSUD,PAQ. CHOCLO EN GRANOS X 600GR,502.11,40,301.27,19,360.3,90.64,759,46.79,584.43,10,23,10.5,7798354690048,20,U,0.6,98.18,789,70,0,D94
3022,,CONOSUD,PAQ. CEBOLLA EN CUBOS X 600GR,483.14,40,289.88,18,343.77,68.22,639,42.98,543.15,10,15,10.5,7798354690826,20,U,0.6,78.75,679,70,0,D95
3023,,CONOSUD,PAQ. MIX PARA TACOS X600GR,528.88,40,317.33,19,379.51,90.53,799,66.71,699.13,10,12.5,10.5,7798354690840,20,U,0.6,97.68,829,70,0,D96
3290,,VENETO,BARRA HELADA 20 PORCIONES,1033.56,7,961.21,20,1159.22,35.39,1899,35.39,1899,99,0,21,7795985001045,1,U,1.9,35.39,1899,250,22,D31
3291,,VENETO,CHOCOTORTA POSTRE 8 PORC,912.89,7,848.99,20,1023.88,53.28,1899,37.95,1709.1,99,10,21,7795985009171,1,U,0.78,61.35,1999,300,30,D32
3292,,VENETO,FLAN CASERO POSTRE 8 PORC,912.89,7,848.99,20,1023.88,53.28,1899,37.95,1709.1,99,10,21,7795985009164,1,U,0.78,61.35,1999,300,30,D32
3293,,VENETO,MASCARPONE POSTRE 8 PORC,912.89,7,848.99,20,1023.88,53.28,1899,37.95,1709.1,99,10,21,7795985009157,1,U,0.78,61.35,1999,300,30,D32
3294,,VENETO,TIRAMISU POSTRE 8 PORC,912.89,7,848.99,20,1023.88,53.28,1899,37.95,1709.1,99,10,21,7795985009188,1,U,0.7,61.35,1999,300,30,D32
3295,,INACTIVOS,PALITO DE AGUA TRI TRI,20,0,20,0,20,61.16,39,61.16,39,30,0,21,7795985005586,30,U,0.07,61.16,39,0,0,
3301,,QUEEN,CONO ECCO 1 D.NEVE,110.9,15,94.27,24,117.48,96.27,279,37.39,195.3,14,30,21,7798088852279,14,U,0.1,96.27,279,187,17,27
3302,,QUEEN,CONO ECCO 2 D.NEVE,110.9,15,94.27,24,117.48,96.27,279,37.39,195.3,14,30,21,7798088852293,14,U,0.1,96.27,279,187,17,27
3303,,QUEEN,CONO ECCO 3 D.NEVE,110.9,15,94.27,24,117.48,96.27,279,37.39,195.3,14,30,21,7798088852316,14,U,0.1,96.27,279,187,17,27
3304,,QUEEN,IMPULSO DE AGUA,21.63,10,19.47,23,24.07,102.61,59,41.83,41.3,40,30,21,7798088851326,40,U,0.05,102.61,59,187,17,25
3305,,QUEEN,BOMBON HELADO,54.84,15,46.61,25,58.55,110.3,149,47.21,104.3,20,30,21,7798088852217,20,U,0.05,110.3,149,330,22,26
3306,,QUEEN,CROCANTE HELADO,82.39,15,70.03,25,87.98,96.32,209,37.42,146.3,12,30,21,7798088851234,12,U,0.05,96.32,209,330,22,29
3309,,QUEEN,ALFAJOR HELADO D.NEVE,85.45,15,72.63,25,91.24,98.37,219,38.86,153.3,16,30,21,7791635012058,16,U,0.07,98.37,219,330,22,28
3311,,QUEEN,BOMBON ESCOCES N X8 784GR,811.03,10,729.93,20,880.3,59.51,1699,35.58,1444.15,4,15,21,7798088854471,4,U,0.78,59.51,1699,75,0,D33
3312,,QUEEN,BOMBON ESCOCES B X8 784GR,811.03,10,729.93,20,880.3,59.51,1699,35.58,1444.15,4,15,21,7798088854488,4,U,0.78,59.51,1699,75,0,D34
3313,,QUEEN,BOMBON SUIZO X8UN 776G,811.03,10,729.93,20,880.3,59.51,1699,35.58,1444.15,4,15,21,7798088854464,4,U,0.77,59.51,1699,0,0,D35
3352,,PANIFICADO,CHIPA,780,0,780,20,940.68,49.27,1699,34.34,1529.1,5,10,21,,0,K,1,58.05,1799,10,12,
3361,,PALETAS,PALETA H. ARTE TRAMONTANA,120,0,120,18,142.31,73.64,299,30.23,224.25,25,25,21,7798336650725,25,U,0.12,73.64,299,154,18,31
3362,,PALETAS,PALETA H. ARTE MULTIFRUTA,120,0,120,18,142.31,73.64,299,30.23,224.25,25,25,21,7733986650701,25,U,0.12,73.64,299,154,18,31
3363,,PALETAS,PALETA H. ARTE MELON,120,0,120,18,142.31,73.64,299,30.23,224.25,25,25,21,7798336650695,25,U,0.12,73.64,299,154,18,31
3364,,PALETAS,PALETA H. ARTE FRUTILLA,120,0,120,18,142.31,73.64,299,30.23,224.25,25,25,21,7798336650671,25,U,0.12,73.64,299,154,18,31
3365,,PALETAS,PALETA H. ARTE DUL. D LE.,120,0,120,18,142.31,73.64,299,30.23,224.25,25,25,21,7798336650657,25,U,0.12,73.64,299,154,18,31
3366,,PALETAS,PALETA H. ARTE CHOC. DDL.,120,0,120,18,142.31,73.64,299,30.23,224.25,25,25,21,7798336650633,25,U,0.12,73.64,299,154,18,31
3367,,PALETAS,PALETA H. ARTE COOKIES,120,0,120,18,142.31,73.64,299,30.23,224.25,25,25,21,7798336650596,25,U,0.12,73.64,299,154,18,31
3368,,PALETAS,PALETA H. ARTE FRU. L. C.,120,0,120,18,142.31,73.64,299,30.23,224.25,25,25,21,7798336650541,25,U,0.12,73.64,299,154,18,31
3370,,LA MONTEVI,POTE LMTVD FRUT GRAN 500G,491.48,20,393.18,23,486.03,35.86,799,35.86,799,6,0,21,7798131012049,6,U,0.5,35.86,799,112,14,D36
3371,,LA MONTEVI,POTE LMTVD CHO DUL G 500G,491.48,20,393.18,23,486.03,35.86,799,35.86,799,6,0,21,7798131012032,6,U,0.5,35.86,799,112,14,D36
3372,,LA MONTEVI,POTE LMTVD LIMON 500G,491.48,20,393.18,23,486.03,35.86,799,35.86,799,6,0,21,7798131010847,6,U,0.5,35.86,799,112,14,D36
3373,,LA MONTEVI,POTE LMTVD BANAN SPL 500G,552.78,20,442.22,17,519.98,26.99,799,26.99,799,6,0,21,7798131012261,6,U,0.5,26.99,799,112,13,D37
3374,,LA MONTEVI,POTE LMTVD 3 CHOCOL. 500G,552.78,20,442.22,17,519.98,26.99,799,26.99,799,6,0,21,7798131012254,6,U,0.5,26.99,799,112,13,D37
3375,,LA MONTEVI,POTE LMTVD D.LECHE 500G,552.78,20,442.22,17,519.98,26.99,799,26.99,799,6,0,21,7798131010199,6,U,0.5,26.99,799,112,13,D37
3376,,LA MONTEVI,POTE LMTVD TRAMONT 500G,552.78,20,442.22,17,519.98,26.99,799,26.99,799,6,0,21,7798131010670,6,U,0.5,26.99,799,112,13,D37
3377,,LA MONTEVI,POTE LMTVDA S.FLAN X300GR,289.13,20,231.3,20,278.95,77.47,599,50.85,509.15,8,15,21,7798131012322,8,U,0.3,83.39,619,120,0,D38
3378,,LA MONTEVI,POTE LMTVDA D.LECH X300GR,289.13,20,231.3,20,278.95,77.47,599,50.85,509.15,8,15,21,7798131012315,8,U,0.3,83.39,619,120,0,D38
3379,,LA MONTEVI,POTE LMTVDA ALPINO X300GR,289.13,20,231.3,20,278.95,77.47,599,50.85,509.15,8,15,21,7798131012292,8,U,0.3,83.39,619,120,0,D38
3380,,LA MONTEVI,POTE LMTVDA COOKIE X300GR,289.13,20,231.3,20,278.95,77.47,599,50.85,509.15,8,15,21,7798131012308,8,U,0.3,83.39,619,120,0,D38
3382,,QUEEN,TORTA HELADA PIONONO,672,10,604.8,20,729.39,58.52,1399,42.66,1259.1,10,10,21,7798088851807,8,U,0.4,69.85,1499,60,10,D39
3391,,QUEEN,HELADO QUEEN AM FR DL FLA,795.59,10,716.03,12,805.96,33.2,1299,33.2,1299,10,0,21,7798088851395,1,U,1.5,33.2,1299,437,23,
3392,,QUEEN,HELADO QUEEN CH DL BA GR,795.59,10,716.03,12,805.96,33.2,1299,33.2,1299,10,0,21,7798088851401,1,U,1.5,33.2,1299,437,23,
3393,,QUEEN,HELADO ACAPULCO 3L 4 GUS,656.55,10,590.9,20,712.63,39.05,1199,25.14,1079.1,10,10,21,7798088853078,1,U,1.5,46.01,1259,437,23,
3410,,PASTAS,RAVIOLES RICOTA X500GR,145,0,145,20,174.87,69.67,359,44.22,305.15,20,15,21,7798354690130,20,U,0.5,79.12,379,50,12,D40
3411,,PASTAS,RAVIOLES VERDURA X500G,145,10,130.5,17,153.45,34.11,249,34.11,249,20,0,21,7798354690123,20,U,0.5,34.11,249,50,12,D41
3412,,PASTAS,RAVIOLON RIC Y QUE X500G,172.5,0,172.5,20,208.04,66.45,419,41.48,356.15,20,15,21,7798354690154,20,U,0.5,78.37,449,50,12,D42
3413,,PASTAS,RAVIOLON VERDURA X500GR,172.5,0,172.5,20,208.04,66.45,419,41.48,356.15,20,15,21,7798354690161,20,U,0.5,78.37,449,50,12,D43
3414,,PASTAS,RAVIOLES DE POLLO X500 GR,145,0,145,20,174.87,69.67,359,44.22,305.15,20,15,21,7798354690147,20,U,0.5,79.12,379,50,0,D44
3417,,PASTAS,ÑOQUIS X500GR,160,0,160,20,192.96,62.33,379,37.98,322.15,20,15,21,7798354690406,20,U,0.5,70.89,399,50,12,D45
3418,,PASTAS,FIDEOS X500GR,100,0,100,20,120.6,70.63,249,45.04,211.65,16,15,21,7798354690116,16,U,0.5,84.33,269,50,12,D46
3419,,PASTAS,ÑOQUIS TRICOLOR X 500GR,160,0,160,20,192.96,62.33,379,46.09,341.1,20,10,21,7798354690581,20,U,0.5,70.89,399,50,0,D72
3510,4608,CONGELADOS ARTICO S.A.,BARRITA MOZZARELLA X400GR,1027.2,60,410.88,22,503.78,73.73,1059,42.46,868.38,16,18,21,7798354690246,20,U,0.4,80.29,1099,80,10,D47
3511,3191,CONGELADOS ARTICO S.A.,FORMITAS DE MERLUZA X400G,536.3,60,214.52,18,254.4,29.62,399,29.62,399,20,0,21,7798354690215,20,U,0.4,29.62,399,80,0,D48
3512,4613,CONGELADOS ARTICO S.A.,CROQ. PAPA JAM/QUE X400GR,727.7,60,291.08,21,353.97,77.21,759,41.77,607.2,20,20,21,7798354690253,20,U,0.4,86.55,799,80,0,D49
3513,3151,CONGELADOS ARTICO S.A.,MEDALLON DE MERLUZA X400G,582.6,60,233.04,23,288.07,83.33,639,42.99,498.42,20,22,21,7798354690239,20,U,0.4,91.93,669,80,0,D50
3514,3155,CONGELADOS ARTICO S.A.,MED. MERL. C/ESPIN. X400G,567.1,60,226.84,21,275.85,76.46,589,41.17,471.2,5,20,21,7798354690192,20,U,0.4,88.45,629,80,0,D51
3515,,CONGELADOS ARTICO S.A.,RABAS X300 GR,1840.3,70,552.09,22,676.92,46.39,1199,31.75,1079.1,25,10,21,7798354690222,25,U,0.3,54.93,1269,80,0,D52
3516,,CONGELADOS ARTICO S.A.,PAELLA X400GR,1483,60,593.2,20,715.4,61.62,1399,53.54,1329.05,20,5,21,7794058004129,20,U,0.4,73.17,1499,20,0,D53
3517,,CONGELADOS ARTICO S.A.,MEDALLON SALMON X4U 400G,472,12,415.36,20,500.92,31.82,799,25.23,759.05,25,5,21,,25,U,0.4,48.32,899,20,0,D54
3518,,CONGELADOS ARTICO S.A.,BASTONES DE SURIMI X250GR,1160,75,290,22,355.57,50.85,649,35.76,584.1,40,10,21,7730977390127,40,U,0.25,62.47,699,20,0,D55
3519,,CONGELADOS ARTICO S.A.,ATUN RECORTES X500GR,1990,50,995,26,1259.97,57.36,2399,49.49,2279.05,20,5,21,7794058700854,20,U,0.5,63.92,2499,20,0,D56
3605,263,CALISA,MILANESA DE POLLO X800,732.47,20,585.98,19,700.8,40.22,1189,33.21,1129.55,6,5,21,7798354690291,6,U,0.8,63.8,1389,140,0,D57
3607,264,CALISA,MED. POLLO REB. X4 X320GR,553.82,68,177.22,20,213.73,34.95,349,34.95,349,15,0,21,7798354690352,15,U,0.32,34.95,349,140,0,D58
3609,265,CALISA,MED. POLLO S/R X4 X320GR,780.1,68,249.63,20,301.05,75.42,639,40.34,511.2,15,20,21,7798354690314,15,U,0.32,89.15,689,140,0,D59
3610,267,CALISA,2 MILABURGUER CARNE X220G,935.31,78,205.77,20,248.16,76.17,529,40.94,423.2,22,20,21,7798354690338,23,U,0.22,86.17,559,140,0,D60
3611,266,CALISA,2 MILABURGUER POLLO X220G,646.09,78,142.14,20,171.42,77.9,369,42.32,295.2,23,20,21,7798354690321,23,U,0.22,87.54,389,140,0,D61
3620,,NUEVA COL.,MILANESA DE CARNE X750GR,960,25,720,18,853.85,32.51,1369,29.86,1341.62,15,2,21,7798354690482,0,U,0.75,37.35,1419,50,0,
3705,MARRON,POLONI,6 MIL. SOJA CLAS. X 450GR,121,10,108.9,16,126.96,29.54,199,29.54,199,30,0,21,7798354690437,30,U,0.45,29.54,199,50,0,D62
3706,VERDE,POLONI,6 MIL. SOJA C/ESPIN X375G,138,0,138,20,166.43,73.3,349,42.11,286.18,34,18,21,7798354690475,34,U,0.375,88.2,379,50,0,D63
3707,ROJO,POLONI,4 MIL. SOJA CAPRESE X350G,189,0,189,20,227.93,73.68,479,42.41,392.78,37,18,21,7798354690444,37,U,0.35,80.93,499,50,0,D64
3711,AMARI,POLONI,4 MED. ARROZ Y VERD X400G,154,0,154,20,185.72,68.65,379,39.98,314.57,33,17,21,7798354690468,33,U,0.4,77.55,399,50,0,D65
3712,AZUL,POLONI,4 MED. ESPINACA X400 GR,185,0,185,20,223.11,73.73,469,47.67,398.65,33,15,21,7798354690451,33,U,0.4,84.84,499,50,0,D66
3720,,SAN SILVES,4 MED LENTEJA TRIGO 320GR,115,0,115,22,141,75.25,299,43.71,245.18,16,18,21,7798354690550,16,U,0.32,98.7,339,154,0,D70
3801,,FINCA,PAQ PAPAS RUSTICAS X700 GR,150.84,10,135.76,50,204.66,61.12,399,41.79,351.12,14,12,21,7798354690505,14,U,0.7,81.31,449,80,0,D67
3802,,FINCA,PAQ PAPAS ESPANIOLAS X700 GR,241.48,10,217.33,50,327.62,51.1,599,35.99,539.1,14,10,21,7798354690499,14,U,0.7,68.76,669,80,0,D68
3820,M,PANIFICADO,MEDIALUNAS SALADAS X12UNI,203.3,0,203.3,20,245.18,58.09,469,37.54,408.03,36,13,21,7798354690512,36,U,0.48,68.2,499,10,0,
3821,C,PANIFICADO,CROISSANT AGRIDULCE X12UN,203.3,0,203.3,18,241.09,33.35,389,33.35,389,36,0,21,7798354690529,36,U,0.48,33.35,389,10,0,
3822,B,PANIFICADO,BIZCOCHOS SALADOS X18UNID,210.79,0,210.79,21,256.33,60.88,499,44.8,449.1,30,10,21,7798354690536,30,U,0.5,77.01,549,10,0,
3823,,PANIFICADO,CHURROS RELLENO C/DDL,519,24,394.44,25,493.05,33.93,799,33.93,799,10,0,21,,10,U,0.5,33.93,799,96,0,
3850,,FIAMBRES,SALAMIN FETEADO,1601.24,0,1601.24,17,1882.82,31.24,2990,31.24,2990,5,0,21,,5,K,1,31.24,2990,30,0,
3851,,FIAMBRES,JAMON COCIDO FETEADO,739.67,0,739.67,18,877.17,22.39,1299,16.27,1234.05,5,5,21,,5,K,1,31.81,1399,30,0,
3852,,FIAMBRES,SALAME MILAN FETEADO,1421.49,0,1421.49,16,1657.17,24.63,2499,18.4,2374.05,5,5,21,,5,K,1,29.61,2599,0,0,
